,Star,Filename,Ic,cog,Bzwidth min,Bzwidth max,V bz (G),V bz sig (G),V FAP,N1 bz (G),N1 bz sig (G),N1 FAP,N2 bz (G),N2 bz sig (G),N2 FAP
0,HD1,SampleLSD.s,0.99703,53.3592394550717,23.3592394550717,83.3592394550717,94.10499747294118,8.805572114938446,0.0,-1.92053591542427,8.631324490938416,0.7660806567080096,0.0,0.0,0.0
1,HD2,SampleLSD2.s,0.99529,22.391082084880864,-7.608917915119136,52.391082084880864,33.66458438213908,22.348802907692086,0.003250268499828124,6.933104415878801,22.348366492401063,0.9652103900644636,0.0,0.0,0.0
